rs41272114	AACATGATAGACATACGCATTTGGATAGTAT	AACATGATAGACATATGCATTTGGATAGTAT
rs10455872	TGTTCTCAGAACCCAATGTGTTTATACAGGT	TGTTCTCAGAACCCAGTGTGTTTATACAGGT
rs3798220	CAGCCTAGACACTTCTATTTCCTGAACATGA	CAGCCTAGACACTTCCATTTCCTGAACATGA
rs186696265	GACCACGACGAACGACGACACGAGCAAACCA	GACCACGACGAACGATGACACGAGCAAACCA
rs1623955	AGTGCCCAGAAAGTGTGTCCCAATCCCAGGA	AGTGCCCAGAAAGTGGGTCCCAATCCCAGGA
rs75692336	TGCTACATAAGCCTGCTGATTCCAAAGTCTT	TGCTACATAAGCCTGATGATTCCAAAGTCTT
rs41259144	ACAGGATCTGGATTTCGGCAGTAGTTCTTGA	ACAGGATCTGGATTTTGGCAGTAGTTCTTGA
rs140570886	AATTTAACTATGATGTACCCCAGTAAATCAG	AATTTAACTATGATGCACCCCAGTAAATCAG
rs41267813	CTGGGGTCCTCTGATGCCAGTGTGGTATCAT	CTGGGGTCCTCTGATACCAGTGTGGTATCAT
rs41267811	GTCCCTTCTGTGTCTGAGCATCGCGTCAGGT	GTCCCTTCTGTGTCTCAGCATCGCGTCAGGT
rs139145675	CACCATCAGGGTTACGGCAGTACTGAAAACA	CACCATCAGGGTTACAGCAGTACTGAAAACA
rs41267809	TCATTCTCAATAACAAGGAGCTGGGCTTCCT	TCATTCTCAATAACAGGGAGCTGGGCTTCCT
rs3124784	CAGGCTTATTGGGGCGTGCACAGCCAAGACC	CAGGCTTATTGGGGCATGCACAGCCAAGACC
rs7412	GAAATATTTGGTTTACAGAAGTACTCACTGG	GAAATATTTGGTTTATAGAAGTACTCACTGG
